{
  "dish": 0.9676645497481028,
  "food": 0.9174598852793375,
  "cuisine": 0.9061772127946218,
  "noodle": 0.8381902625163397,
  "asian food": 0.8046944588422775,
  "soup": 0.71331258614858,
  "lamian": 0.3987884769837062,
  "okinawa soba": 0.35765300691127777,
  "ingredient": 0.32469409704208374,
  "chinese noodles": 0.256398285428683,
  "ramen": 0.22269047300020853,
  "noodle soup": 0.19482933978239694,
  "saimin food": 0.1365587462981542,
  "japanese cuisine": 0.1192533125480016,
  "vegetarian food": 0.11897701521714528,
  "lunch": 0.11351010700066884,
  "thai food": 0.10711899399757385,
  "meal": 0.10620496173699696,
  "southeast asian food": 0.10214543839295705,
  "curry": 0.06477334598700206,
  "asian soups": 0.06382672488689423
}
